timestamp,page,address,hex_addr,raw_value,decimal_value,low_byte,high_byte,binary
2025-09-25 12:05:05.088,0,READ_VOUT (0x8B),0x8B,0x02FA,762,0xFA,0x02,0000001011111010
2025-09-25 12:05:05.190,0,READ_VOUT (0x8B),0x8B,0x02FA,762,0xFA,0x02,0000001011111010
2025-09-25 12:05:05.292,0,READ_VOUT (0x8B),0x8B,0x02FA,762,0xFA,0x02,0000001011111010
2025-09-25 12:05:05.394,0,READ_VOUT (0x8B),0x8B,0x02FC,764,0xFC,0x02,0000001011111100
2025-09-25 12:05:05.495,0,READ_VOUT (0x8B),0x8B,0x02FA,762,0xFA,0x02,0000001011111010
2025-09-25 12:05:05.597,0,READ_VOUT (0x8B),0x8B,0x02FA,762,0xFA,0x02,0000001011111010
2025-09-25 12:05:05.700,0,READ_VOUT (0x8B),0x8B,0x02FC,764,0xFC,0x02,0000001011111100
2025-09-25 12:05:05.805,0,READ_VOUT (0x8B),0x8B,0x02FC,764,0xFC,0x02,0000001011111100
2025-09-25 12:05:05.912,0,READ_VOUT (0x8B),0x8B,0x02FA,762,0xFA,0x02,0000001011111010
2025-09-25 12:05:06.024,0,READ_VOUT (0x8B),0x8B,0x02FA,762,0xFA,0x02,0000001011111010
2025-09-25 12:05:06.127,0,READ_VOUT (0x8B),0x8B,0x02FA,762,0xFA,0x02,0000001011111010
2025-09-25 12:05:06.229,0,READ_VOUT (0x8B),0x8B,0x02FC,764,0xFC,0x02,0000001011111100
2025-09-25 12:05:06.332,0,READ_VOUT (0x8B),0x8B,0x02FA,762,0xFA,0x02,0000001011111010
2025-09-25 12:05:06.434,0,READ_VOUT (0x8B),0x8B,0x02FA,762,0xFA,0x02,0000001011111010
2025-09-25 12:05:06.537,0,READ_VOUT (0x8B),0x8B,0x02FC,764,0xFC,0x02,0000001011111100
2025-09-25 12:05:06.639,0,READ_VOUT (0x8B),0x8B,0x02FC,764,0xFC,0x02,0000001011111100
2025-09-25 12:05:06.741,0,READ_VOUT (0x8B),0x8B,0x02FC,764,0xFC,0x02,0000001011111100
2025-09-25 12:05:06.842,0,READ_VOUT (0x8B),0x8B,0x02FC,764,0xFC,0x02,0000001011111100
2025-09-25 12:05:06.945,0,READ_VOUT (0x8B),0x8B,0x02FA,762,0xFA,0x02,0000001011111010
2025-09-25 12:05:07.047,0,READ_VOUT (0x8B),0x8B,0x02FC,764,0xFC,0x02,0000001011111100
2025-09-25 12:05:07.150,0,READ_VOUT (0x8B),0x8B,0x02FA,762,0xFA,0x02,0000001011111010
2025-09-25 12:05:07.252,0,READ_VOUT (0x8B),0x8B,0x02FC,764,0xFC,0x02,0000001011111100
2025-09-25 12:05:07.355,0,READ_VOUT (0x8B),0x8B,0x02FA,762,0xFA,0x02,0000001011111010
2025-09-25 12:05:07.459,0,READ_VOUT (0x8B),0x8B,0x02FA,762,0xFA,0x02,0000001011111010
2025-09-25 12:05:07.561,0,READ_VOUT (0x8B),0x8B,0x02FA,762,0xFA,0x02,0000001011111010
2025-09-25 12:05:07.663,0,READ_VOUT (0x8B),0x8B,0x02FC,764,0xFC,0x02,0000001011111100
2025-09-25 12:05:07.765,0,READ_VOUT (0x8B),0x8B,0x02FA,762,0xFA,0x02,0000001011111010
2025-09-25 12:05:07.867,0,READ_VOUT (0x8B),0x8B,0x02FC,764,0xFC,0x02,0000001011111100
2025-09-25 12:05:07.969,0,READ_VOUT (0x8B),0x8B,0x02FC,764,0xFC,0x02,0000001011111100
2025-09-25 12:05:08.071,0,READ_VOUT (0x8B),0x8B,0x02FC,764,0xFC,0x02,0000001011111100
2025-09-25 12:05:08.173,0,READ_VOUT (0x8B),0x8B,0x02FC,764,0xFC,0x02,0000001011111100
2025-09-25 12:05:08.276,0,READ_VOUT (0x8B),0x8B,0x02FC,764,0xFC,0x02,0000001011111100
2025-09-25 12:05:08.388,0,READ_VOUT (0x8B),0x8B,0x02FA,762,0xFA,0x02,0000001011111010
2025-09-25 12:05:08.501,0,READ_VOUT (0x8B),0x8B,0x02FA,762,0xFA,0x02,0000001011111010
2025-09-25 12:05:08.613,0,READ_VOUT (0x8B),0x8B,0x02FA,762,0xFA,0x02,0000001011111010
2025-09-25 12:05:08.721,0,READ_VOUT (0x8B),0x8B,0x02FA,762,0xFA,0x02,0000001011111010
2025-09-25 12:05:08.827,0,READ_VOUT (0x8B),0x8B,0x02FC,764,0xFC,0x02,0000001011111100
2025-09-25 12:05:08.929,0,READ_VOUT (0x8B),0x8B,0x02FC,764,0xFC,0x02,0000001011111100
2025-09-25 12:05:09.031,0,READ_VOUT (0x8B),0x8B,0x02FC,764,0xFC,0x02,0000001011111100
2025-09-25 12:05:09.134,0,READ_VOUT (0x8B),0x8B,0x02FC,764,0xFC,0x02,0000001011111100
2025-09-25 12:05:09.237,0,READ_VOUT (0x8B),0x8B,0x02FC,764,0xFC,0x02,0000001011111100
2025-09-25 12:05:09.348,0,READ_VOUT (0x8B),0x8B,0x02FA,762,0xFA,0x02,0000001011111010
2025-09-25 12:05:09.452,0,READ_VOUT (0x8B),0x8B,0x02FA,762,0xFA,0x02,0000001011111010
2025-09-25 12:05:09.555,0,READ_VOUT (0x8B),0x8B,0x02FC,764,0xFC,0x02,0000001011111100
2025-09-25 12:05:09.658,0,READ_VOUT (0x8B),0x8B,0x02FC,764,0xFC,0x02,0000001011111100
2025-09-25 12:05:09.761,0,READ_VOUT (0x8B),0x8B,0x02FC,764,0xFC,0x02,0000001011111100
2025-09-25 12:05:09.874,0,READ_VOUT (0x8B),0x8B,0x02FA,762,0xFA,0x02,0000001011111010
